최종 업데이트 날짜,2021-08-06 00:49:02
제목,주최,대상,날짜
제9회 2021 빅콘테스트,  한국지능정보사회진흥원,"
																									중학생									,																	고등학생									,																	대학생									,																	대학원생									,																	일반인","
																	21.10.01~21.11.26															"
[해커톤/공모전] 한국언론진흥재단 2021뉴스빅데이터해커톤,  한국언론진흥재단,"
																									제한없음									,																	대학생									,																	대학원생									,																	일반인","
																	21.09.17~21.10.14															"
제3회 Future Finance A.I. Challenge ,  KB국민은행,"
																									대학생									,																	대학원생									,																	일반인","
																	21.09.07															"
LS전선 마인크래프트 ESG 공모전,  LS전선,"
																									초등학생									,																	중학생									,																	고등학생									,																	대학생									,																	기타","
																	21.07.26~21.09.05															"
제18회 대한민국 평생학습대상,  교육부,"
																									제한없음","
																	21.08.13~21.10.31															"
2021 K-EDU 창의력 경진대회,"  교육부, 산업통상자원부","
																									초등학생									,																	중학생									,																	고등학생									,																	대학생","
																	21.08.28															"
2021 산림복지 데이터 시각화 아이디어 공모전,  한국산림복지진흥원,"
																									대학생									,																	대학원생									,																	일반인","
																	21.09.30~21.10.08															"
2021년 제8회 전국 ICT융합 공모전 ,"  과학기술정보통신부, 충청북도","
																									제한없음","
																	21.07.16~21.09.05															"
서울도서관 Link Revolution 아이디어톤 대회,  서울도서관,"
																									제한없음","
																	21.08.09~21.08.13															"
스마트톡톡 코딩 공모전,"  부산광역시, 부산시교육청","
																									초등학생									,																	중학생									,																	기타","
																	21.07.19~21.09.24															"
2021년 공공데이터 활용 인포그래픽 공모전,  경상북도개발공사,"
																									제한없음","
																	21.07.05~21.08.13															"
제5회 통일을 준비하는 코딩대회 ,  통일부,"
																									초등학생									,																	중학생									,																	고등학생","
																	21.06.10~21.08.06															"
2021 빛가람에너지밸리 소프트웨어 작품 경진대회    ,  한전KDN,"
																									고등학생									,																	대학생									,																	대학원생									,																	기타","
																	21.07.01~21.09.30															"
제6회 넥슨 청소년 프로그래밍 챌린지 (NYPC 2021),"  넥슨, 넥슨재단","
																									초등학생									,																	중학생									,																	고등학생","
																	21.10.30															"
세계청소년의날기념 적정기술경진대회,  대구청소년지원재단,"
																									초등학생									,																	중학생									,																	고등학생									,																	대학생","
																	21.07.22~21.07.26															"
2021년 ICT 스마트 디바이스 전국 공모전,  과학기술정보통신부,"
																									제한없음","
																	21.08.09~21.09.30															"
태성에스엔이 CAE 아카데믹 경진대회,  태성에스엔이,"
																									대학생									,																	대학원생","
																	21.08.19~21.09.10															"
Rotman-UNIST Trading Competition 2021 (Rotman-UNIST 트레이딩 경진대회),  울산과학기술원 국제에너지트레이딩연구센터,"
																									대학생									,																	대학원생","
																	21.08.19															"
온라인 마케터가 되는 지름길 Google Analytics 자격증 교육으로~!,  구로청년공간 청년이룸,"
																									대학생									,																	대학원생									,																	일반인									,																	기타","
																	21.07.29															"
2021 항공우주기술 대학생 창업아카데미,  한국항공우주연구원,"
																									대학생									,																	대학원생","
																	21.08.04~21.08.25															"
2021 자율성장 인공지능 경진대회,  한국전자통신연구원,"
																									제한없음","
																	21.07.06~21.09.15															"
2021 세명크래프트 경진대회,  세명대학교 IT엔지니어링대학,"
																									고등학생","
																	21.06.21~21.08.02															"
영화 빅데이터 구축·활용 과제 발굴을 위한 아이디어 공모전,  한국영상자료원,"
																									제한없음","
																	21.08.05~21.08.31															"
제4회 해운 신사업 아이디어 경진대회,  한국해양진흥공사,"
																									제한없음","
																	21.07.31~21.08.10															"
2021년 도서관 빅데이터 우수 활용사례 및 아이디어 공모전,  국립중앙도서관,"
																									기타","
																	21.06.17~21.08.16															"
제7회 과학치안 아이디어 공모전,  과학기술정보통신부·경찰청,"
																									제한없음","
																	21.08.30~21.09.30															"
2021 대국민 화학안전 아이디어 공모전,  환경부 화학물질안전원,"
																									제한없음","
																	21.08.01~21.08.31															"
K-Shield 주니어 정보보호 관리진단 과정,  과학기술정보통신부,"
																									고등학생									,																	대학생									,																	대학원생									,																	일반인									,																	기타","
																	21.08.23~21.11.09															"
2021년 전라남도 공공데이터 활용 아이디어 공모전,  전라남도,"
																									제한없음","
																	21.07.19~21.07.30															"
예스폼 비즈니스 콘텐츠 공모전,  (주)예스폼,"
																									제한없음","
																	21.07.01~21.08.14															"
제2회 인공지능이 바꾸는 미래세상 콘텐츠 공모전,"  과학기술정보통신부, 정보통신기획평가원, 부산광역시","
																									초등학생									,																	중학생									,																	고등학생									,																	대학생									,																	대학원생									,																	일반인","
																	21.06.10~21.07.28															"
2021 산림빅데이터 전문가 양성 교육,  한국임업진흥원,"
																									대학생									,																	대학원생									,																	일반인","
																	21.07.03~21.07.07															"
2021 NTIS 정보활용 경진대회,  과학기술정보통신부,"
																									제한없음","
																	21.06.21~21.07.20															"
2021년 공개SW 개발자대회,  과학기술정보통신부,"
																									초등학생									,																	중학생									,																	고등학생									,																	대학생									,																	대학원생									,																	일반인","
																	21.09.14~21.11.09															"
[인천관광공사] 인천 개항장 스마트 관광 상품 및 서비스 개발 공모,  인천관광기업지원센터,"
																									기타","
																	21.06.21~21.07.20															"
[통계청] 2021년 2분기 통계데이터센터 이용 · 활용수기 공모전,  통계청,"
																									제한없음","
																	21.07.23~21.07.27															"
제12회 전국 창의문제 해결능력 경진대회,"  대구광역시, 경상북도","
																									제한없음","
																	21.07.26~21.08.28															"
2021 메타버스 CG 리크루팅 캠프,"  과학기술정보통신부, 정보통신산업진흥원","
																									고등학생									,																	대학생									,																	일반인									,																	기타","
																	21.07.15~21.07.16															"
스마트폰 중독 경험 및 극복사례 공모전,  성남시중독관리통합지원센터,"
																									중학생									,																	고등학생									,																	대학생									,																	대학원생									,																	일반인									,																	기타","
																	21.08.02~21.08.15															"
제 2회 중소기업 통계데이터 활용 정책아이디어 공모전 (기간연장),  중소벤처기업부,"
																									제한없음","
																	21.08.06~21.08.23															"
"삼성전자, 사회복지공동모금회와 함께하는 2021 제2회 3D 프린터 활용 보조기기 공모전",  경기도재활공학서비스연구지원센터,"
																									제한없음","
																	21.07.26~21.08.31															"
2021년 문화유산 공공빅데이터 활용 경진대회,  문화재청,"
																									제한없음","
																	21.05.25~21.09.30															"
2021년 문화관광 빅데이터 분석대회 ,  한국문화관광연구원,"
																									대학생									,																	대학원생","
																	21.07.01~21.07.12															"
2021 우리 동네 온라인 사진 전시 공모전,  구립서초유스센터,"
																									제한없음									,																	기타","
																	21.08.02~21.08.03															"
2021 Hello New( ) World | 청소년 IT인재 육성 해커톤 프로젝트,  신세계아이앤씨,"
																									고등학생","
																	21.06.01~21.06.30															"
2021년 제4회 스마트아이디어 공모전,  김포시,"
																									초등학생									,																	중학생									,																	고등학생","
																	21.05.25~21.09.30															"
2021 광주스마트미디어X캠프,  과학기술정보통신부,"
																									대학생									,																	대학원생									,																	일반인","
																	21.06.22~21.06.30															"
2021 전국 고교생 게임기획·게임아트 공모전,  구미대학교 비주얼게임컨텐츠스쿨,"
																									고등학생","
																	21.08.03~21.08.18															"
2021년도 제22회 전파방송 기술대상 공고,  과학기술정보통신부,"
																									일반인									,																	기타","
																	21.10.04~21.10.15															"
2021 SMART X-LAB 9기 로봇 공모전,"  KT, 현대로보틱스, 현대중공업지주, 인천창조경제혁신센터","
																									기타","
																	21.05.17~21.06.30															"
2021 디지털 신기술 실무인재양성 해커톤,  고용노동부 / 한국기술교육대학교 직업능력심사평가원,"
																									대학생									,																	대학원생									,																	일반인									,																	기타","
																	21.06.25~21.07.21															"
제9회 산업통상자원부 공공데이터활용 비즈니스아이디어 공모전,  산업통상자원부,"
																									제한없음","
																	21.07.26~21.07.31															"
2021 캠퍼스 특허 유니버시아드 ,  특허청,"
																									대학생									,																	대학원생","
																	21.08.20~21.08.31															"
나도 도전해본다! 디지독 캐릭터 공모전,  (주)케이넷이엔지,"
																									제한없음","
																	21.07.23~21.07.30															"
2021 AI.블록체인 기술사업화 아이디어 경진대회 (기간연장),  정보통신산업진흥원,"
																									고등학생									,																	대학생									,																	대학원생									,																	일반인","
																	21.06.29															"
MechClick x AutoCAD 유저 공모전! 어디까지 써봤니?,"  (주)클릭인포, SCK","
																									제한없음","
																	21.07.16~21.07.29															"
스마트 건설 챌린지 2021,  국토교통부,"
																									기타","
																	21.09.01~21.09.03															"
제2회 스마트도시 주민 아이디어 공모전,  양천구청,"
																									제한없음","
																	21.06.07~21.06.17															"
 2021년 스마트캠퍼스 챌린지사업 대학(원)생 아이디어 공모전,  국토교통부,"
																									대학생									,																	대학원생","
																	21.08.10~21.09.10															"
2021 DATA-Growth Project '대학發 데이터 스타트업 육성 지원',  과학기술정보통신부,"
																									대학생									,																	대학원생									,																	기타","
																	21.05.17~21.06.30															"
2021년 K-Global 스타트업 공모전,  과학기술정보통신부,"
																									대학생									,																	대학원생									,																	일반인									,																	기타","
																	21.06.01~21.06.20															"
2021년 장애인 관련 정책 아이디어 해커톤대회,  한국장애인재단,"
																									대학생									,																	기타","
																	21.06.14~21.06.25															"
NET 챌린지 캠프 시즌8,  과학기술정보통신부,"
																									대학생									,																	대학원생","
																	21.04.26~21.05.17															"
[한국정보보호산업협회]2021 상반기 정보보호 취업박람회 ,  과학기술정보통신부,"
																									대학생									,																	대학원생									,																	기타","
																	21.05.03~21.05.26															"
제23회 전국학생통계활용대회,  통계청,"
																									초등학생									,																	중학생									,																	고등학생","
																	21.07.22~21.08.13															"
"4차산업혁명위원회, 4차산업혁명과 내 삶 속 데이터 영상 공모전",  대통령직속 4차산업혁명위원회,"
																									제한없음","
																	21.05.20~21.05.28															"
KIPA-KAPA 제5회 데이터 활용 논문 공모전,  한국행정연구원,"
																									대학생									,																	대학원생","
																	21.04.14~21.07.31															"
대구 메이커 페스타 마인크래프트 스토리 영상 공모전,  대구광역시,"
																									초등학생									,																	중학생									,																	고등학생									,																	대학생									,																	대학원생									,																	일반인","
																	21.04.26~21.05.23															"
온라인 메이커 영상 공모전,"  대구광역시, 대구광역시교육청, 대구경북지방중소기업지원청","
																									제한없음","
																	21.05.24~21.06.09															"
2021년 산림공공·빅데이터 활용 창업경진대회 (기간연장),  산림청,"
																									제한없음","
																	21.07.01~21.08.31															"
2021 빅데이터 분석 및 아이디어 공모전,  대전시,"
																									제한없음","
																	21.04.26~21.06.07															"
포스코ICT 2021 AI 챌린지 (청소년 AI 창의경진대회),  포스코ICT,"
																									중학생									,																	고등학생","
																	21.06.15~21.06.30															"
2021 현대오토에버 배리어프리 앱 개발 콘테스트,"  현대오토에버, 서울사랑의열매","
																									대학생									,																	대학원생","
																	21.05.24~21.06.10															"
2021년 디지털 미디어 마케팅 예비창업기업 모집,"  고용노동부, 서울시, 서울인적자원개발위원회","
																									대학생									,																	대학원생									,																	일반인									,																	외국인","
																	21.04.12~21.05.28															"
2021 전자정부표준프레임워크 컨트리뷰션 참가자 모집 ,  행정안전부,"
																									제한없음","
																	21.03.31~21.07.31															"
제7회 한글 창의·산업 아이디어 공모전,"  문화체육관광부, 국립한글박물관","
																									제한없음									,																	유치원									,																	초등학생									,																	중학생									,																	고등학생									,																	대학생									,																	대학원생									,																	일반인									,																	외국인","
																	21.06.07~21.07.30															"
[한국데이터산업진흥원] 2021 DATA-STARS(데이터 활용 사업화 지원) 모집,  과학기술정보통신부,"
																									제한없음									,																	일반인									,																	외국인									,																	기타","
																	21.04.16~21.05.31															"
디지털 정부 서비스 디자인(UI/UX) 개선 제안 공모,  행정안전부,"
																									제한없음","
																	21.05.13~21.05.20															"
2021 창의아이디어 발명디자인 경진대회,  청주대학교 지식재산교육&상용화센터,"
																									중학생									,																	고등학생									,																	대학생									,																	대학원생									,																	일반인","
																	21.04.01~21.08.15															"
제14회 알테어 최적화 대회(AOC 2021),  한국알테어,"
																									대학생									,																	대학원생","
																	21.04.01~21.04.30															"
[행정안전부] 환경 온라인 해커톤 참가자 모집 (기간연장),  정부혁신전략추진단,"
																									제한없음","
																	21.06.05															"
제11회 울산발명아이디어 경진대회,"  특허청, 울산광역시, 한국발명진흥회","
																									제한없음									,																	기타","
																	21.03.29~21.05.07															"
2021 인디크래프트 성남 인디게임 공모전,  성남시,"
																									기타","
																	21.03.30~21.04.14															"
사회보장정보와 공공민간 빅데이터를 활용한 국민행복 서비스 발굴 창업경진대회,  보건복지부,"
																									제한없음","
																	21.04.05~21.05.31															"
2021 대학생·스타트업 스마트 안전기술 경진대회,  현대엔지니어링,"
																									대학원생									,																	기타","
																	21.03.29~21.04.30															"
제11회 e-ICON 세계대회,  한국 교육부,"
																									중학생									,																	고등학생","
																	21.06.28~21.07.09															"
2021 글로벌 인디 게임 제작 경연대회,  (사)한국게임개발자협회,"
																									중학생									,																	고등학생									,																	대학생									,																	대학원생									,																	일반인","
																	21.06.28~21.07.07															"
2021년도 대구 발명아이디어 콘테스트 ,"  특허청, 대구광역시, 한국발명진흥회","
																									제한없음","
																	21.04.19~21.05.18															"
[프로젝트 블루아워] 우리은행 온(On)택트 해커톤,  우리은행,"
																									대학생									,																	대학원생									,																	기타","
																	21.04.30~21.05.03															"
바른ICT연구소 집콕ICT챌린지,  연세대학교 바른ICT연구소,"
																									제한없음","
																	21.03.22~21.04.18															"
제20회 대한민국 청소년 발명 아이디어 경진대회 ,"  특허청, 한국대학발명협회, 공주대학교, 한국폴리텍대학","
																									중학생									,																	고등학생									,																	대학생									,																	대학원생","
																	21.03.02~21.05.01															"
2021 지식재산 정보 활용 창업 경진대회,  특허청,"
																									제한없음","
																	21.03.15~21.05.07															"
2021년도 한전KDN 대국민 혁신 아이디어 공모,  한전KDN,"
																									제한없음","
																	21.04.26~21.06.18															"
제3회 교육 공공데이터 활용대회,  교육부,"
																									초등학생									,																	중학생									,																	고등학생									,																	대학생									,																	대학원생									,																	일반인","
																	21.07.09~21.08.06															"
2021 전주시 빅데이터 분석 공모전,  전주시,"
																									제한없음","
																	21.04.26~21.05.14															"
2021 스마일게이트 인디게임 창작 공모전,  스마일게이트 희망스튜디오,"
																									제한없음","
																	21.05.03~21.05.17															"
미디어 스타트업 2021년 공모,  한국언론진흥재단,"
																									기타","
																	21.03.22~21.10.31															"
[브리온/스타트업엑스] XYZ Startup Challenge Program 1기 모집,  브리온/스타트업엑스,"
																									제한없음","
																	21.05.01~21.06.30															"
[여성부 국비지원]세무회계 전문인력 양성 훈련생 모집,  여성가족부,"
																									일반인									,																	기타","
																	21.03.03~21.04.11															"
2021 울산창조경제혁신센터-현대중공업 기술공모전,  울산창조경제혁신센터,"
																									대학생									,																	대학원생									,																	일반인","
																	21.03.02~21.04.20															"
스타트업 코딩 페스티벌 2021(스코페 2021),"  왓챠, 쏘카, 오늘의집, 마켓컬리, 브랜디, 번개장터","
																									대학생									,																	대학원생									,																	일반인","
																	21.03.20~21.04.02															"
(주)율인터내셔널 청년 START UP IDEA 공모전,  주식회사 율인터내셔널,"
																									고등학생									,																	대학생									,																	대학원생									,																	일반인","
																	21.03.02~21.04.23															"
2021 스마트 해상물류 x ICT멘토링 프로젝트,  해양수산부,"
																									대학생","
																	21.04.01~21.11.30															"
제 2회 ICT 장애인 보조공학 기기 공모전&개발사업,  고용노동부,"
																									제한없음","
																	21.03.01~21.04.01															"
제3회 오픈인프라개발경진대회 (OIDC 2021),  맨텍,"
																									대학생									,																	대학원생","
																	21.04.19~21.08.24															"
2021 Microsoft Azure 온라인 해커톤,  Microsoft,"
																									제한없음","
																	20.11.23~21.02.23															"
지오플릭 작품 공모전,  씨투엠,"
																									제한없음","
																	21.02.18~21.02.28															"
이지태스크 홈페이지(반응형) 디자인 공모전,  이지태스크,"
																									제한없음","
																	21.02.16~21.03.14															"
2021 경기 VR·AR 오디션,  경기콘텐츠진흥원,"
																									기타","
																	21.02.15~21.03.12															"
세종시 주택 시장 특성분석 ,  COMPAS,"
																									제한없음","
																	21.02.08~21.03.25															"
제28회 대한민국 ImpaCT-ech 대상,"  과학기술정보통신부, 한국정보통신진흥협회","
																									제한없음","
																	21.02.08~21.04.21															"
제1회 아이딜레이저 레이저 작품 공모전,  아이딜 코리아,"
																									제한없음","
																	21.02.13~21.03.13															"
농업 영상 AI 데이터 활용 아이디어 해커톤 대회,  한국지능정보사회진흥원 / 경상대학교 스마트팜연구소,"
																									대학생									,																	대학원생									,																	일반인","
																	21.02.17															"
스타트업과 함께하는 피버팅 해커톤,  한국무역협회,"
																									대학생									,																	일반인","
																	21.02.26~21.03.08															"
[한국수자원공사] 대국민 혁신서비스 아이디어 공모전,  한국수자원공사,"
																									제한없음","
																	21.01.27~21.02.17															"
농업 영상 AI 데이터 활용 아이디어 해커톤 대회,  한국지능정보사회진흥원,"
																									대학생									,																	대학원생									,																	일반인","
																	21.02.17															"
2021 ITS 혁신기술 공모,  국토교통부,"
																									제한없음","
																	21.02.03~21.02.24															"
2021년 제42회 전국학생발명품 경진대회,  과학기술정보통신부,"
																									초등학생									,																	중학생									,																	고등학생","
																	21.07.08															"
2021년도 고령친화산업 해커톤 공모전,  성남 고령친화종합체험관,"
																									대학생									,																	일반인","
																	21.01.21~21.05.14															"
2021 추적 영상 인식 알고리즘 개발 경진대회,"  과학기술정보통신부, 한국정보화진흥원","
																									고등학생									,																	대학생									,																	대학원생									,																	일반인","
																	21.02.01~21.02.12															"
신경계질환 빅데이터 활용 AI 경진대회,  신경계질환 특화 AI 데이터댐 구축사업단,"
																									제한없음","
																	21.02.08~21.02.15															"
하남시 스마트시티 아이디어 공모전,  하남시,"
																									초등학생									,																	중학생									,																	고등학생									,																	일반인","
																	21.01.25~21.02.19															"
2021 통영농협 온라인쇼핑몰 활성화 대학생 아이디어 경진대회,  통영농협,"
																									대학생","
																	21.01.25~21.02.15															"
생활폐기물 데이터와 인공지능(AI)활용 아이디어 해커톤 대회,"  (재)경기대진테크노파크, 데일리블록체인 컨소시엄","
																									대학생									,																	대학원생","
																	21.02.15~21.02.18															"
"청년 일자리 1,000개의 꿈 아이디어 공모전",  서울특별시청 청년청,"
																									제한없음","
																	21.01.21~21.02.01															"
디바이스마트 2021 ICT 융합 프로젝트 공모전,  엔티렉스 / 디바이스마트,"
																									대학생									,																	대학원생									,																	일반인","
																	21.02.01~21.03.31															"
2021 다솜이 드림메이커스,"  생명보험사회공헌재단, 교보생명","
																									중학생									,																	고등학생									,																	대학생","
																	21.01.13~21.12.31															"
MZ 인공지능 해커톤 대회,  한국지능정보사회진흥원,"
																									대학생									,																	대학원생									,																	일반인","
																	21.01.29~21.02.16															"
2020학년도 대진대학교 리빙랩 아이디어 경진대회,  대진대학교,"
																									대학생									,																	대학원생									,																	일반인","
																	21.01.04~21.01.25															"
해양수산 빅데이터 활용 혁신 아이디어 공모전,  해양수산 빅데이터 플랫폼 및 센터,"
																									제한없음","
																	21.01.06~21.01.22															"
랜선으로 만나는 제주로 on 코딩대회 SMART 창작대회,"  제주시, 제주로온코딩","
																									초등학생									,																	중학생									,																	고등학생","
																	21.01.06~21.01.13															"
랜선으로 만나는 제주로 on 코딩대회 아이디어 공모전,"  제주시, 제주로온코딩","
																									제한없음","
																	21.01.06~21.01.13															"
2021 써모피셔 과학 크리에이터 UCC 콘테스트,  써모피셔 사이언티픽 코리아,"
																									제한없음","
																	21.01.01~21.02.28															"
[LG X DACON] 시스템 품질 변화로 인한 사용자 불편 예지 AI 경진대회  ,  LG AI Research,"
																									초등학생									,																	중학생									,																	고등학생									,																	대학생									,																	대학원생									,																	일반인","
																	21.01.06~21.02.03															"
2020 홍익 비즈 해커톤 for winter,"  홍익대학교 창업교육센터, 대학혁신지원사업단","
																									대학생									,																	대학원생","
																	20.12.30~21.01.10															"
제2회 삼정KPMG Ideathon,  삼정KPMG,"
																									대학생									,																	대학원생","
																	21.02.22~21.04.13															"
하남스타트업캠퍼스 창업경진대회,  하남도시공사,"
																									고등학생									,																	대학생									,																	대학원생									,																	일반인									,																	외국인","
																	20.12.28~21.01.11															"
[공지요]공부는 지원받고하자! 요즘것들에서,  요즘것들,"
																									제한없음","
																	21.01.04~21.06.30															"
KU 이노베이션 해커톤,"  건국대학교 창업지원단, 칭화대학 기술지주","
																									대학생									,																	대학원생									,																	기타","
																	21.01.13~21.01.15															"
"영도, 다리 걸친 사람들 살롱 아이디어 공모전","  영도문화도시센터, 영도구, 부산광역시, 문화체육관광부","
																									기타","
																	20.12.21~20.12.27															"
혁신적인 ICT 제품·서비스 발굴을 위한 아이디어 공모전,  과학기술정보통신부,"
																									제한없음","
																	20.12.22~21.01.20															"
제3기 대원불교 학술 · 콘텐츠 공모,  (재)대한불교진흥원,"
																									제한없음","
																	21.02.15~21.03.12															"
코로나19 가족간 감염 방지를 위한 광진구 아이디어뱅크 특별공모,  광진구,"
																									제한없음","
																	20.12.16~20.12.27															"
나비스(NABIS)균형발전 콘텐츠 활용 공모전,  대통령직속 국가균형발전위원회,"
																									대학생									,																	대학원생									,																	일반인","
																	20.12.17~21.01.15															"
인공지능 학습용 데이터 활용 아이디어 공모전,  과학기술정보통신부,"
																									제한없음","
																	20.12.14~21.01.20															"
스마트산림기술 활용 우수사례 공모전,  산림청,"
																									고등학생									,																	대학생									,																	일반인									,																	기타","
																	20.12.11~20.12.21															"
2021 대한민국 학생 창의력 올림피아드,  사단법인 한국학교발명협회,"
																									초등학생									,																	중학생									,																	고등학생									,																	대학생","
																	21.04.10															"
제1회 컴퓨팅사고 융합경진대회,  덕성여자대학교,"
																									대학생									,																	기타","
																	21.01.04~21.01.15															"
"제1회 홈런찬스 론칭 기념 이벤트 ""상상이 현실이 되는 홈런찬스""",  아이스크림에듀,"
																									초등학생									,																	중학생									,																	고등학생									,																	대학생									,																	대학원생									,																	일반인","
																	20.12.08~20.12.31															"
MZ 인공지능 해커톤 대회,  한국정보화진흥원,"
																									대학생									,																	대학원생									,																	일반인","
																	20.12.22~21.01.08															"
한반도 체인지 메이커: 청년 인큐베이팅,  한반도평화만들기재단/(사) 더 브릿지,"
																									대학생									,																	대학원생									,																	일반인","
																	21.01.08~21.03.06															"
2020 국토도시 데이터 분석과제 2차,  한국토지주택공사,"
																									제한없음","
																	20.12.15~21.01.28															"
인공지능& 로봇미래생활탐구대회,  (주)로보라이즌,"
																									초등학생									,																	중학생","
																	20.12.11~20.12.24															"
2020 제주ICT페스티벌 아이디어 경진대회,  제주ICT기업협회,"
																									초등학생									,																	중학생									,																	고등학생									,																	대학생									,																	일반인","
																	20.12.10~20.12.20															"
2021 코딩대회 In Japan,  커넥트잡,"
																									대학생									,																	대학원생","
																	21.01.14~21.01.19															"
정보통신대학 ICT AI 및 알고리즘 경진대회,  서울과학기술대학교,"
																									대학생									,																	기타","
																	21.01.11~21.01.12															"
2020 인공지능 학습용 데이터 해커톤 대회,  NHN컨소시엄,"
																									대학생									,																	대학원생									,																	일반인									,																	기타","
																	20.12.21~21.01.15															"
[현대중공업그룹] 제1회 조선/해양산업 디지털 혁신을 위한 BIG DATA / AI 대학생 경진대회,  한국조선해양,"
																									대학생									,																	대학원생","
																	21.01.14~21.02.14															"
2020 대한민국 과학기술대전 <겨울밤 과학산책>,  과학기술정보통신부,"
																									제한없음","
																	20.12.21~20.12.27															"
오아시스 해커톤,  오아시스해커톤운영팀,"
																									대학생									,																	대학원생									,																	기타","
																	21.01.04~21.01.06															"
ZWCAD/ZW3D 2021 유저 콘테스트,  ZWCAD KOREA,"
																									대학생									,																	대학원생									,																	일반인","
																	20.12.07~21.01.15															"
2020 디자인 싱킹 창의 경진대회,  경남대학교 창의교육거점센터 한국과학창의재단,"
																									대학생","
																	20.11.27~20.12.11															"
국회 입법활동 빅데이터 시각화 경진대회,  DACON,"
																									제한없음","
																	20.12.30~21.01.06															"
태양광 발전량 예측 AI 경진대회,  연구개발특구진흥재단 / 한국원자력연구원(KAERI),"
																									제한없음","
																	21.01.27~21.02.08															"
2020년도 미래도전국방기술 사업 기술경진대회,  국방과학연구소,"
																									대학생									,																	대학원생									,																	일반인","
																	20.10.22~21.01.25															"
2021 KOREA HACKS '온라인 고카톤',"  고려대학교 해커톤운영위원회, KUCC","
																									대학생","
																	21.01.09~21.01.10															"
2020년 보건의료 데이터 활용사례·아이디어 공모전,  한국보건의료정보원,"
																									제한없음","
																	20.12.01~20.12.14															"
2020학년도 다전공 베스트 포트폴리오 공모전,  강원대학교,"
																									대학생									,																	기타","
																	21.01.04~21.01.30															"
PBL 및 캡스톤 우수보고서 공모전,  성신여자대학교,"
																									대학생									,																	기타","
																	20.10.01~20.12.18															"
2020 전주시 관광상품 개발 공모전,"  문화체육관광부, 한국관광공사, 전주시","
																									제한없음","
																	20.10.21~20.12.24															"
제18회 순천향대 정보보호 페스티벌,  순천향대학교,"
																									중학생									,																	고등학생","
																	20.12.19~20.12.20															"
제4회 코딩플러스 소프트웨어 경진대회,  코딩플러스학원,"
																									초등학생									,																	중학생","
																	21.01.04~21.01.09															"
YGPA 공공데이터 활용 비즈니스 아이디어 공모전,  여수광양항만공사,"
																									제한없음","
																	20.11.23~21.01.15															"
ICT콤플렉스 앱개발 챌린지,  과학기술정보통신부,"
																									제한없음","
																	20.12.09~20.12.18															"
드론영상 작물수분스트레스지수 탐지 알고리즘 경진대회,  동서울대학교 / (주)에어랩,"
																									고등학생									,																	대학생									,																	대학원생									,																	일반인","
																	20.11.23~20.12.02															"
시각정보 기반 질의응답 알고리즘 경진대회,"  과학기술정통부, 한국정보화진흥원","
																									고등학생									,																	대학생									,																	대학원생									,																	일반인","
																	20.11.27~20.12.06															"
수리·수질 예측을 위한 알고리즘 경진대회,  (주)휴먼플래닛,"
																									고등학생									,																	대학생									,																	대학원생									,																	일반인","
																	20.08.17~20.12.31															"
"NH투자증권 빅데이터 경진대회 '데이터,문화가 되다'",  NH투자증권,"
																									대학생									,																	대학원생","
																	20.11.23~21.02.26															"
2020 캡스톤 디자인 경진대회,  (사)한국PCO협회,"
																									일반인","
																	20.12.01~20.12.20															"
제1회 K-EDU 인공지능 창작 FEST [2020 AIOT Online 방구석 챌린지],  청라 드림메이커스페이스,"
																									초등학생									,																	중학생									,																	고등학생","
																	20.12.19															"
제4회 정부혁신제안 끝장개발대회(해커톤),  행정안전부 정부혁신전략추진단,"
																									제한없음","
																	20.12.01~20.12.18															"
2020 제주콘텐츠코리아랩 콘텐츠 피칭매칭,  제주콘텐츠코리아랩,"
																									제한없음","
																	20.11.25~20.12.06															"
게임 기획 & 게임 프로그래밍 공모전,  SBS아카데미게임학원,"
																									제한없음","
																	21.02.01~21.02.12															"
2020학년도 가을학기 SW코딩교육 아이디어 공모전,  세종사이버대학교 소프트웨어공학과,"
																									대학생									,																	대학원생									,																	일반인","
																	20.11.23~20.12.16															"
AI 양재 허브 & IA 인공지능 아이디어 챌린지,  이노베이션 아카데미,"
																									중학생									,																	고등학생									,																	대학생									,																	대학원생									,																	일반인","
																	20.12.19															"
2020 AI학습용 한국인 두피데이터 온라인 아이디어 해커톤 대회,  (재)한국디지털융합진흥원,"
																									제한없음","
																	20.11.09~20.12.15															"
2020 제6회 Creative Space G AI & IoT 해커톤,  광주과학기술원,"
																									대학생									,																	대학원생									,																	일반인","
																	20.12.18~20.12.19															"
2020 메이커스 달란트 경진대회,"  중소벤처기업부, 창업진흥원","
																									초등학생									,																	중학생									,																	고등학생									,																	대학생									,																	대학원생","
																	20.11.02~20.12.17															"
서울 하드웨어 해커톤,"  서울산업진흥원, 한국산업단지공단, 메이커스페이스 지∙캠프","
																									기타","
																	20.11.07~20.12.08															"
해양 침적 쓰레기 이미지 데이터 해커톤 참가자 추가모집(~11/30),"  ㈜씨에스피아이, ㈜해양기술ENG","
																									제한없음									,																	초등학생									,																	중학생									,																	고등학생									,																	대학생									,																	대학원생									,																	일반인									,																	기타","
																	20.12.04~20.12.05															"
인공지능을 활용한 비즈니스 창작 해커톤 참가자 추가모집(~11/30),  전주정보문화산업진흥원,"
																									제한없음									,																	초등학생									,																	중학생									,																	고등학생									,																	대학생									,																	대학원생									,																	일반인									,																	기타","
																	20.12.03~20.12.04															"
작물 질병 해충 AI 공개데이터 기반 인공지능 해커톤 참가자 추가모집(~11/30),  전주정보문화산업진흥원,"
																									제한없음									,																	초등학생									,																	중학생									,																	고등학생									,																	대학생									,																	대학원생									,																	일반인									,																	기타","
																	20.12.03~20.12.04															"
숲길 연결망 공공데이터 활용 아이디어 공모전,  한국산림복지진흥원,"
																									제한없음","
																	20.11.11~20.12.02															"
2020 인공지능 반도체 설계 경진대회,  과학기술 정보통신부,"
																									대학생									,																	대학원생									,																	일반인","
																	20.12.29~21.04.23															"
2020-2021 원더리그 코리아 대회,  (주)마르시스에듀,"
																									유치원									,																	초등학생									,																	중학생									,																	기타","
																	20.09.28~21.01.22															"
2020년도 체육종합 데이터 활용 경진대회,"  국민체육진흥공단, 비투엔","
																									제한없음									,																	유치원									,																	초등학생									,																	중학생									,																	고등학생									,																	대학생									,																	대학원생									,																	일반인									,																	외국인									,																	기타","
																	20.11.18~20.12.13															"
2020 대학생 양자 암호 통신 아이디어 공모전,"  한국정보화진흥원, KT, E컨슈머","
																									대학생","
																	20.10.01~20.12.14															"
2020 NH디지털혁신캠퍼스 챌린지 온라인 해커톤,  NH농협은행,"
																									대학생									,																	기타","
																	20.11.11~20.12.09															"
해상교량 주변 유휴공간 활용 아이디어 공모전,  익산지방국토관리청,"
																									제한없음","
																	20.11.05~20.12.31															"
2020 교과 연계형 보드게임 공모전,  매직빈게임즈,"
																									일반인									,																	기타","
																	20.10.10~20.12.10															"
인공지능(AI) 문제해결 아이디어 공모전,"  과학기술정보통신부, 광주광역시, 전라남도, 전주시","
																									제한없음","
																	20.11.17~20.12.07															"
판교테크노밸리 인공지능(AI) 아이디어 경진대회,  판교테크노밸리,"
																									기타","
																	20.11.30~21.01.20															"
dreamin Blockchain Hackathon ,  한화드림플러스,"
																									대학생									,																	일반인","
																	21.01.15~21.01.17															"
경북대와 함께하는 소프트웨어 사고력 페스티벌(아이디어 공모전),  경북대학교,"
																									초등학생									,																	중학생									,																	고등학생","
																	20.11.05~20.11.30															"
SECC 2020 소프트웨어 교육 콘텐츠 콘테스트,  네이버 커넥트재단,"
																									초등학생									,																	중학생									,																	대학생									,																	일반인","
																	20.11.03~20.12.09															"
제1회 전자신문 CAD 경진대회,"  전자신문사, 모두솔루션","
																									대학생","
																	20.12.21															"
제1회 농산물 수급 예측모형 경진대회,  농림축산식품부,"
																									제한없음","
																	20.11.23~20.12.31															"
"국민공유형 기술평가시스템(KPAS, KFIT) 활용 우수사례 공모",  기술보증기금,"
																									제한없음","
																	20.10.26~20.11.26															"
제7회 전국 ICT융합 공모전,"  과학기술정보통신부, 충청북도","
																									제한없음","
																	20.10.19~20.11.30															"
스마트타운 챌린지 리빙랩 아이디어 공모전,  광양시,"
																									제한없음","
																	20.11.01~20.11.30															"
2020 시민 도시계획 아이디어 공모전 '빅데이터를 통해 바꾸는 서울',  서울특별시,"
																									제한없음","
																	20.10.23~20.11.20															"
제3회 KB 국민은행 소프트웨어 경진대회,  KB 국민은행,"
																									고등학생									,																	대학생									,																	대학원생","
																	20.12.09															"
감정 대화 분류 MZ CEC 해커톤 대회,  한국정보화진흥원,"
																									대학생									,																	대학원생									,																	일반인","
																	20.11.09~20.11.20															"
HUAWEI KOREA ICT Challenge 2020 (한국화웨이 ICT 챌린지 2020),  한국화웨이,"
																									고등학생									,																	대학생									,																	대학원생","
																	20.10.21~20.11.21															"
3D프린팅 산업 동향 세미나 및 3D프린팅 경진대회,"  과학기술정보통신부, 한국과학창의재단","
																									제한없음","
																	20.12.04															"
2019 대구학생로봇경진대회,"  대구광역시, 대구로봇교육교사연구회, 엑스코","
																									초등학생									,																	중학생									,																	고등학생","
																	19.08.31~19.09.01															"
2019 Innovation Day 블록체인 아이디어 ,"  UnivChain, 스파르탄 SW 교육원, 더비체인","
																									대학생									,																	대학원생","
																	19.08.19															"
제2회 한국 메이커&코딩 경진대회,"  교육부, 산업통상자원부, 과학기술정보통신부","
																									초등학생									,																	중학생									,																	고등학생									,																	대학생","
																	19.08.25															"
삼성SDS-JA Korea 2019 Smart Hackathon 대회,  삼성 SDS,"
																									고등학생","
																	19.07.23~19.08.07															"
2019 SKT 5G MEC HACKATHON,  SK telecom,"
																									기타","
																	19.08.13~19.08.14															"
제4회 전국고등학교동아리 소프트웨어 경진대회,"  과학기술정보통신부, 정보통신기획평가원","
																									고등학생","
																	19.08.02~19.11.02															"
2019 대학생 스마트 e-모빌리티 경진대회,"  영광군, 한국자동차공학회","
																									기타","
																	19.09.26~19.09.28															"
2019 STEAM Challenge 4차,  사단법인 STEAM교육협회,"
																									제한없음									,																	초등학생									,																	중학생									,																	고등학생									,																	대학생									,																	대학원생									,																	일반인									,																	기타","
																	19.08.04															"
2019년 제1회 한국코드페어 SW빌더스 챌린지,"  과학기술정보통신부, 한국정보화진흥원","
																									중학생									,																	고등학생","
																	19.10.01~19.10.31															"
2019 고려대학교 2차 뜻밖의사고 프로젝트,  고려대학교,"
																									초등학생									,																	중학생									,																	고등학생									,																	대학생									,																	대학원생									,																	일반인									,																	기타","
																	19.07.31															"
제 17회 임베디드 소프트웨어 경진대회,  산업통상자원부,"
																									제한없음									,																	초등학생									,																	중학생									,																	고등학생									,																	대학생									,																	일반인","
																	19.12.13~19.12.14															"
2019 아시아 오픈데이터 챌린지,"  VLED(Japan), 행정안전부(Korea), 한국정보화진흥원(Korea), IDB(Taiwan), OPM(Thailand), DGA(Thailand)","
																									초등학생									,																	중학생									,																	고등학생									,																	대학생									,																	대학원생									,																	일반인									,																	기타","
																	19.08.30															"
2019년 제1회 한국코드페어 알고리즘 히어로즈,  한국코드페어,"
																									초등학생									,																	중학생									,																	고등학생									,																	기타","
																	19.07.08~19.07.17															"
제4회 넥슨 청소년 프로그래밍 챌린지 (NYPC 2109),"  넥슨, 넥슨재단","
																									초등학생									,																	중학생									,																	고등학생","
																	19.08.07~19.10.26															"
제3회 3D프린팅 창작 경진대회,  3D프린팅경북센터,"
																									중학생									,																	고등학생									,																	대학생									,																	일반인","
																	19.09.01~19.12.31															"
제21회 한국지능로봇경진대회 (21th KIRC),"  경상북도, 포항시, 육군본부","
																									제한없음									,																	기타","
																	19.10.04~19.10.06															"
제10회 K-로봇대회 with ROːBIT,"  서울특별시, 광운대학교","
																									초등학생									,																	중학생									,																	고등학생","
																	19.09.01															"
2019 ICT 모의 분쟁조정 경연대회,  과학기술정보통신부,"
																									대학생									,																	대학원생","
																	19.09.27															"
"제8회 로봇융합 페스티벌 메카닉블럭 창작로봇, 코딩드론 경진대회",  대전광역시,"
																									초등학생									,																	중학생									,																	고등학생","
																	19.08.02~19.08.04															"
제7회 문화데이터 활용 경진대회,  문화체육관광부,"
																									제한없음","
																	19.08.22															"
제8회 로봇융합 페스티벌 2019 융합과학(STEAM) 창작 경진대회,  대전광역시,"
																									초등학생									,																	중학생									,																	고등학생","
																	19.08.02~19.08.03															"
제8회 로봇융합 페스티벌 2019 3D 프린터 조립경진대회,  대전광역시,"
																									초등학생									,																	중학생									,																	고등학생									,																	대학생									,																	대학원생									,																	일반인","
																	19.08.04															"
UDC2019 블록체인 해커톤 대회,  두나무,"
																									제한없음","
																	19.09.04~19.09.05															"
"2019 자율주행차, 유스챌린지 프로젝트",  한국청소년연맹,"
																									고등학생									,																	기타","
																	19.07.25~19.09.07															"
2019 휴머노이드 로봇스포츠 경진대회 (SRC2019),  산업통상자원부,"
																									중학생									,																	고등학생									,																	대학생									,																	대학원생									,																	일반인","
																	19.08.02~19.08.04															"
GDF2019 글로벌개발자포럼 전시작품 공모,  경기도,"
																									일반인									,																	기타","
																	19.06.28															"
제8회 로봇융합 페스티벌 이동로봇 소프트웨어 코딩 경진대회,  대전광역시,"
																									초등학생									,																	중학생									,																	고등학생","
																	19.07.20~19.08.04															"
2019 국제청소년로봇대회 (IYRC),"  대전광역시, 국제청소년로봇연맹","
																									초등학생									,																	중학생									,																	고등학생									,																	기타","
																	19.08.02~19.08.03															"
제8회 전국 대학생 프로그래밍 대회 동아리 연합 대회,  전국 대학생 프로그래밍 대회 준비 동아리 연합,"
																									대학생									,																	대학원생","
																	19.07.27~19.08.31															"
제3회 로봇코딩컵 대회,  대전광역시,"
																									초등학생									,																	중학생									,																	고등학생","
																	19.08.02~19.08.04															"
제6회 2019 ICT 스마트 디바이스톤,  과학기술정보통신부,"
																									일반인									,																	기타","
																	19.07.13~19.08.18															"
2019 지능형 창의로봇 콘테스트 경진대회 가족창의경진대회 예선,  대전광역시,"
																									초등학생									,																	중학생									,																	일반인									,																	기타","
																	19.08.02															"
2019 제3회 코딩올림피아드,  대한코딩문화협회,"
																									초등학생									,																	중학생									,																	고등학생","
																	19.07.06															"
2019년 문화관광 빅 데이터 분석대회,  한국문화관광연구원,"
																									대학생									,																	대학원생									,																	일반인","
																	19.08.05~19.08.12															"
제12회 알테어 최적화 대회,  한국알테어,"
																									대학생									,																	대학원생									,																	일반인","
																	19.08.20~19.08.29															"
2019 전문가와 청년멘토가 함께하는 효창공원 해커톤,"  서울특별시, 국가보훈처","
																									대학생									,																	대학원생","
																	19.07.05~19.07.06															"
2019 구조물 내진설계 경진대회,"  지진방재연구센터, 국립재난안전연구원","
																									대학생","
																	19.06.03~19.07.26															"
2019년 디자인씽킹 해커톤,  대전교육과학연구원,"
																									고등학생","
																	19.07.29~19.07.30															"
2019 글로벌 인디 게임 제작 경진대회(GIGDC2019),  (사)한국게임개발자협회,"
																									중학생									,																	고등학생									,																	대학생									,																	대학원생									,																	일반인","
																	19.08.20~19.08.23															"
제7회 인천광역시 정보과학 창의성대회,  인천광역시 컴퓨터교육협의회,"
																									초등학생									,																	중학생									,																	고등학생									,																	대학생									,																	대학원생									,																	일반인","
																	19.06.29															"
2019 SW챌린지 공모전,  한국소프트웨어산업협회,"
																									대학생									,																	대학원생									,																	기타","
																	19.05.14~19.06.28															"
제3회 KETI 모비우스 2.0 IoT 서비스 개발자 대회,  전자부품연구원,"
																									고등학생									,																	대학생									,																	대학원생									,																	일반인									,																	기타","
																	19.07.01~19.09.30															"
2019 국제로봇올림피아드 대회,  (사)대한로봇스포츠협회,"
																									초등학생									,																	중학생									,																	고등학생									,																	기타","
																	19.06.21~19.12.31															"
제16회 ICT어워드코리아 대회(소프트웨어 창의와 코딩분야),"  사)한국정보과학진흥협회, 성결대학교, 사)한국웹에이전시협회","
																									초등학생									,																	중학생									,																	고등학생									,																	대학생									,																	대학원생","
																	19.06.08															"
제16회 ICT어워드코리아 대회(창의메이커스 공모분야),"  사)한국정보과학진흥협회, 성결대학교, 사)한국웹에이전시협회","
																									대학생									,																	대학원생									,																	일반인","
																	19.06.08															"
제20회 KARDF 및 KARL ARDF 전국대회,"  과학기술정보통신부 중앙전파관리소, 사단법인 한국아마추어무선연맹","
																									중학생									,																	고등학생									,																	대학생									,																	대학원생									,																	일반인									,																	기타","
																	19.06.08															"
KB-KISA 핀테크 해커톤,  과학기술정보통신부,"
																									대학생									,																	대학원생									,																	일반인									,																	기타","
																	19.06.28~19.06.30															"
2019 Seoul 미세먼지 해커톤,  서울특별시,"
																									제한없음									,																	초등학생									,																	중학생									,																	고등학생									,																	대학생									,																	대학원생									,																	일반인									,																	외국인									,																	기타","
																	19.06.26															"
2019년도 제2회 KO-WORLD 해킹방어대회,"  한국폴리텍대학, 고용노동부","
																									제한없음									,																	초등학생									,																	중학생									,																	고등학생									,																	대학생									,																	대학원생									,																	일반인									,																	기타","
																	19.04.23~19.06.05															"
2019 제3회 통일을준비하는 코딩대회,  민족통일중앙협의회,"
																									초등학생									,																	중학생","
																	19.07.27~19.08.10															"
2019 큐브위성 경연대회,  과학기술정보통신부,"
																									대학생									,																	대학원생									,																	기타","
																	19.08.23~20.02.21															"
제21회 전국학생통계활용대회,  통계청,"
																									초등학생									,																	중학생									,																	고등학생","
																	19.05.24~19.07.19															"
2019 제17회 울산로봇경진대회,  울산광역시,"
																									초등학생									,																	중학생									,																	고등학생","
																	19.06.23															"
제3회 국토교통 빅데이터 해커톤,  국토교통부,"
																									제한없음","
																	19.05.29~19.05.30															"
2019  강원도 스마트시티 아이디어 해커톤,  강원도,"
																									중학생									,																	고등학생									,																	대학생									,																	대학원생									,																	일반인","
																	19.05.25															"
2019년 제1회 한국코드페어 SW를 통한 착한상상,  과학기술정보통신부 / 한국정보화진흥원,"
																									초등학생									,																	중학생									,																	고등학생","
																	19.06.05~19.10.31															"
2019 아주대학교 프로그래밍 경시대회,"  아주대학교 LINC사업단, 아주대학교 SW중심대학 사업단","
																									대학생									,																	기타","
																	19.05.26															"
제5회 삼성전자 대학생 프로그래밍 경진대회(SCPC 2019),  삼성전자,"
																									대학생									,																	대학원생","
																	19.06.21~19.07.30															"
2019 암호분석경진대회,  국방암호기술특화연구센터,"
																									고등학생									,																	대학생									,																	대학원생									,																	일반인","
																	19.05.01~19.08.15															"
2019 경기과학축전 & 제18회 안양사이버과학축제 3D 프린팅 해커톤 대회,"  경기도, 안양시","
																									중학생									,																	고등학생","
																	19.06.08~19.06.09															"
2019 제1회 에너지 창의력 대회,"  ○ (사)E컨슈머, 전력거래소, 산업통상자원부","
																									고등학생","
																	19.06.16															"
제 4회 세계청소년올림피아드 4I 2019,  (재)세계여성발명기업인협회,"
																									제한없음","
																	19.08.09~19.09.11															"
제12회 대한민국세계여성발명대회,  특허청/한국여성발명협회,"
																									고등학생									,																	대학생									,																	대학원생									,																	일반인","
																	19.06.20~19.06.23															"
2019 날씨 빅데이터 콘테스트,  기상청,"
																									제한없음","
																	19.05.20~19.08.08															"
제9회 창의메이커스필드 4차 산업혁명시대 SW융합 아이디어 경진대회,"  바른미래당 대표 손학규,국회 4차산업혁명특별위원회 정병국 위원장,국회 과학기술정보방송통신위원회 위원 신용현/(사)한국3D프린팅서비스협회","
																									제한없음","
																	19.05.14															"
2019 경기과학축전 & 제18회 안양사이버과학축제 코딩대회,"  경기도, 안양시","
																									초등학생									,																	중학생									,																	고등학생","
																	19.06.08~19.06.09															"
2019 경기과학축전 & 제18회 안양사이버과학축제 로봇대회,"  경기도, 안양시","
																									초등학생									,																	중학생									,																	고등학생","
																	19.06.08~19.06.09															"
2019년 제8회 세계발명창의올림픽,  한국대학발명협회,"
																									초등학생									,																	중학생									,																	고등학생									,																	대학생									,																	일반인","
																	19.07.25~19.07.27															"
2019 삼성전자 주니어 SW 창작대회,  삼성전자,"
																									초등학생									,																	중학생									,																	고등학생","
																	19.06.01~19.10.31															"
제8회 이야기가 있는 스토리텔링(Story-Telling) 발명대회,"  경기도, 안양시","
																									초등학생									,																	중학생									,																	고등학생","
																	19.05.22~19.06.09															"
제6회 해양수산 공공데이터 활용 경진대회,"  해양수산부, 부산·인천·여수 광양·울산 항만공사, 해양수산과학기술진흥원","
																									제한없음","
																	19.04.17~19.06.14															"
2019 주니어닥터 및 엑스사이언스 체험수기 공모전,"  한국기초과학지원연구원,주니어닥터,엑스사이언스","
																									고등학생									,																	대학생									,																	대학원생									,																	일반인","
																	19.04.15~19.06.09															"
2019 서울 통합이동서비스(MaaS) 해커톤,"  서울특별시, ㈜한국스마트카드","
																									대학생									,																	대학원생									,																	일반인","
																	19.05.18~19.07.21															"
2019 산업융합 해커톤 대회,"  산업통상자원부, 중소벤처기업부","
																									대학생									,																	대학원생									,																	일반인","
																	19.07.12															"
2019년 울산 공공데이터 활용 창업 경진대회,  울산광역시/울산정보산업진흥원,"
																									제한없음","
																	19.04.08~19.06.21															"
제8회 교통데이터 활용 공모전,"  국토교통부/한국도로공사, 교통안전공단, 한국교통연구원","
																									제한없음","
																	19.07.26															"
제11회 소외된 90%를 위한 창의설계 경진대회,"  과학기술정보통신부/한국연구재단 지구촌기술나눔센터, 대전대 LNC+사업단, 한동대 공학교육혁신센터, 국경없는과학기술자회, 적정기술학회, (사)나눔과기술","
																									대학생									,																	대학원생","
																	19.04.01~19.04.30															"
2019년도 대국민 ICT 아이디어/R&D 기획 공모,  IITP 정보통신기획평가원,"
																									제한없음","
																	19.03.28~19.06.14															"
국제해킹방어대회 CODEGATE 2019,  코드게이트보안포럼,"
																									제한없음","
																	19.03.26~19.03.27															"
2019 빅데이터 활용 의약품안전관리 공모전,  한국의약품안전관리원,"
																									제한없음","
																	19.05.10															"
제3회DfAM 경진대회 개최,"  울산광역시/(재)울산정보산업진흥원, (사)한국적층제조사용자협회","
																									제한없음","
																	19.08.14															"
2019 제 4회 ICT 스마트섬유 제품 아이디어 공모전,  한국섬유수출입협회,"
																									대학생									,																	대학원생									,																	일반인","
																	19.03.25~19.05.31															"
제 5회 소프트웨어 사고력 올림피아드,"  전자신문, 서울교육대학교,부산대학교, kt, 한국과학기술단체총연합회, 한남대학교, 제주대학교 / 이티에듀","
																									초등학생									,																	중학생","
																	19.05.18															"
제 3회 전국 어린이 코딩 경진대회,  어린이조선일보/(주)와이즈교육,"
																									초등학생","
																	19.05.11															"
부동산114 창사 20주년 기념 Big Data 공모전,  부동산114,"
																									대학생									,																	대학원생","
																	19.05															"
2019년 대학창의발명대회,"  특허청, 한국과학기술단체총연합회/한국발명진흥회","
																									대학생									,																	대학원생","
																	19.09.18~19.09.20															"
2019 서울 하드웨어 해커톤,"  한국산업단지공단, 서울산업진흥원, arm, 마이크로소프트","
																									제한없음","
																	19.03.30~19.03.31															"
2019 오픈블록체인 해커톤 대회,"  KBIDC,STARCRO/OBCIA,(사)오픈블록체인산업협회,한국소프트웨어개발업,협동조합,미디어파트너,매일경제,전자신문","
																									제한없음","
																	19.03.22~19.03.24															"
제11회 한국학생골드버그머신창작대회,"  (사)한국창의력교육협회/(사)한국창의력교육협회, 한국창의력교육교사연구회","
																									초등학생									,																	중학생									,																	고등학생","
																	19.04.07															"
제32회 대한민국학생발명전시회 및 제21회 전국교원발명품경진대회,"  특허청, 조선일보/한국발명진흥회","
																									초등학생									,																	중학생									,																	고등학생","
																	19.07.25~19.07.27															"
전력데이터 신서비스 개발 경진대회,  한국전력공사/산업통상자원부,"
																									중학생									,																	고등학생									,																	대학생									,																	대학원생									,																	일반인									,																	기타","
																	19.03.07~19.03.27															"
제3회 ICT융합 창업 아이디어 캠프,"  중소벤처기업부, 대구광역시/Kibwa","
																									고등학생									,																	대학생									,																	일반인","
																	19.01.17~19.01.18															"
2019 로봇코딩컵 대회,  한국로봇교육연합회,"
																									초등학생									,																	중학생									,																	고등학생									,																	대학생									,																	대학원생									,																	일반인","
																	19.01.26~19.01.27															"
2019 국제 청소년 환경 미디어 콘테스트,  덴마크 코펜하겐에 위치한 환경교육재단,"
																									초등학생									,																	중학생									,																	고등학생","
																	19.01.02~19.02.28															"
2019 ON-LINE STEAM CUP,  사단법인 STEAM 교육협회,"
																									제한없음","
																	19.01.01~19.12.31															"
2019 KISTI-NVIDIA HACKATHON,"  KISTI, NVIDIA, 연세대학교 AI연구단, ORNL","
																									대학원생									,																	일반인","
																	19.02.18~19.02.22															"
2018 빅데이터 해커톤,"  우정사업본부, 서울대 빅데이터 연구원","
																									제한없음","
																	18.12.10~18.12.21															"
제35회 영동군 인터넷정보검색대회 ,  영동군,"
																									제한없음","
																	18.11.26~18.12.16															"
SW 아이디어 콘서트및 코드챌린지,  과학기술정보통신부 / NIA한국정보화진흥원,"
																									초등학생									,																	중학생									,																	고등학생","
																	18.11.17~18.11.24															"
2018 환경 기상 빅데이터 경진대회,"  한국정보화진흥원(NIA), 케이웨더(주)","
																									제한없음","
																	18.11.19~18.12.02															"
Hack the KISA,  KISA한국인터넷진흥원,"
																									제한없음","
																	18.11.15~18.11.28															"
2018 불법 스포츠 도박 근절 해커톤 대회,  한국체육진흥공단,"
																									고등학생									,																	대학생									,																	대학원생									,																	일반인","
																	18.11.03~18.11.04															"
2018 EDAILY CODING CHALLENGE,  이데일리,"
																									중학생									,																	고등학생									,																	대학생","
																	18.10.26~18.11.03															"
L.POINT BIG DATA Competition,"  LPoint, Lpay","
																									대학생									,																	대학원생									,																	일반인","
																	18.12.03~19.02.19															"
공공 빅데이터 우수사례 경진대회,  행정안전부 / NIA한국정보화진흥원,"
																									제한없음","
																	18.11.13~18.11.28															"
이화여대+한국화웨이 전국 여고생 프로그래밍 경진대회,"  이화여자대학교, HUAWEI","
																									고등학생","
																	18.11.03															"
2018 BIC 스쿨 프로젝트 제2회 지역 기업 혁신 빅데이터 분석경진대회,"  동국대학교 / LINC+ 사업단, 인공지능협업센터, 융합SW교육원","
																									대학생									,																	대학원생","
																	18.11.20~18.11.28															"
제2회 KETI MOBIUS 2.0 IoT 서비스 개발자 대회,  전자부품연구원,"
																									대학생									,																	대학원생","
																	18.11.13~18.12.20															"
인공지능 기계번역능력 경시대회,  광운대학교 대학특성화사업단 (CK-II),"
																									대학생","
																	18.11.09															"
디지털 헬스 해커톤,"  성균관대학교 삼성융합의과학원(SAIHST) 디지털헬스학과, 디지털 헬스케어 파트너스(DHP)","
																									기타","
																	18.10.27~18.10.28															"
3D프린팅 메이커톤대회,"  경상남도, 경남중기청 / 경남창경센터, 창원대학교","
																									중학생									,																	고등학생									,																	대학생									,																	일반인","
																	18.10.04~18.10.05															"
제15회 해킹방어대회(HDCON),  과학기술정보통신부 / 한국인터넷진흥원,"
																									제한없음","
																	18.10.22~18.12.05															"
제4회 무한상상 생활발명품 경진대회,  국립대구과학관,"
																									중학생									,																	고등학생","
																	18.11.02~18.11.25															"
국민은행 소프트웨어 경진대회,  KB국민은행 / 사피엔스40,"
																									초등학생									,																	중학생									,																	고등학생									,																	대학생									,																	대학원생									,																	일반인","
																	18.11.30~18.12.14															"
인천창조경제혁신센터 혁신 아이디어 메이커톤,"  인천창조경제혁신센터, 인천대학교, 인하대학교, SUNY Korea / TIDE","
																									일반인","
																	18.10.10~18.11.11															"
스타트업과 함께하는 메이커톤,  페이보리 / 부산대학교 SW중심대학,"
																									제한없음","
																	18.10.05~18.10.06															"
2018년 부산 청년 일자리 해커톤 아이디어 대회,"  부산광역시,부산지방고용노동청,경성대,고산대,동의대 등/부산창조경제혁신센터,부산은행 등","
																									대학생									,																	대학원생									,																	일반인","
																	18.11.09~18.11.10															"
2018 SW 교육 페스티벌 디지털 과거 Code+,"  과학기술정보통신부 / 한국과학창의재단, codigm","
																									고등학생									,																	대학생									,																	일반인","
																	18.10.03~18.10.13															"
전국대학생 산업융합 IDEA경진대회,"  숭실대학교, 산업통상자원부, KITECH, 한국산업기술평가관리원","
																									대학생									,																	대학원생","
																	18.09.01~18.12.07															"
정보보호 R&D 데이터 챌린지 2018 대회,"  한국인터넷진흥원 / 한국인터넷진흥원, 한국정보보호학회","
																									제한없음","
																	18.11.30~18.12.01															"
빅싱킹 프로젝트 발굴 대회,  충청남도 / 충남문화산업진흥원,"
																									제한없음","
																	18.10.18~18.10.23															"
2018 서을시 빅데이터 캠퍼스 공모전,  서울특별시 / 서울특별시빅데이터캠퍼스,"
																									제한없음","
																	18.09.03~18.11.09															"
제주 블록체인 해커톤,"  Jeju, 제주창조경제혁신센터, GROUND X, 연세대학교 창업지원단","
																									제한없음","
																	18.10.26~18.10.28															"
2018 개인정보 비식별 기술 경진대회,  KISA한국인터넷진흥원,"
																									제한없음","
																	18.11.02~18.11.30															"
2018 빛가람에너지밸리 소프트웨어 작품경진대회,  한전KDN(주),"
																									대학생","
																	18.09.03~18.11.28															"
대학생 해커톤 대회,  포항시 / 지역문화콘텐츠디자인연구소,"
																									대학생","
																	18.09.14~18.09.15															"
제15회 수원정보과학축제,  수원시,"
																									제한없음","
																	18.10.19~18.10.20															"
제18회 한국대학생 프로그래밍 경시대회,"  과학기술정보통신부 / NIA한국정보화진흥원, 한국정보과학회","
																									대학생","
																	18.10.05~18.10.06															"
2018년 제5회 소프트웨어(SW) 개발보안 경진대회,  행정안전부 / KISA한국인터넷진흥원,"
																									대학생","
																	18.09.01~18.10.18															"
WSCW 2018 스마트시티 해커톤,  WSCW,"
																									제한없음","
																	18.09.19~18.09.20															"
제 3회 넥슨 청소년 프로그래밍 챌린지(NYPC),"  NEXON, NEXON넥슨재단 / NEXON","
																									초등학생									,																	중학생									,																	고등학생","
																	18.08.22~18.10.27															"
2018 아이디어 코딩대회,"  대전YWCA, 대흥동청소년문화의집","
																									중학생									,																	고등학생","
																	18.08.19															"
2018년 문화 관광 빅데이터 분석대회,  한국문화관광연구원 / 문화체육관광부,"
																									대학생									,																	대학원생									,																	일반인","
																	18.08.09~18.09.11															"
제12회 학생 포트폴리오 경진대회,  ABeeK 한국공학교육인증원,"
																									대학생","
																	18.10.01~18.11.30															"
KEPCO 일렉스톤 경진대회,  KEPCO,"
																									대학생									,																	대학원생									,																	일반인","
																	18.08.24~18.08.25															"
제5회 대한민국 SW융합 해커톤 대회,"  과학기술정보통신부, 정보통신산업진흥원","
																									중학생									,																	고등학생									,																	대학생									,																	대학원생									,																	일반인","
																	18.08.30~18.09.01															"
한국 메이커&코딩 경진대회,"  교육부, 산업통상자원부, 과학기술정보통신부, 서울특별시교육청","
																									초등학생									,																	중학생									,																	고등학생","
																	18.09.01															"
서울 IoT Hackathon,"  서울시설공단, Arm, 달리웍스","
																									제한없음","
																	18.08.20~18.08.26															"
2018 OCF Korea 개발자 경진대회, ,"
																									고등학생									,																	대학생									,																	대학원생									,																	일반인									,																	기타","
																	18.08.27~18.09.11															"
순천향대학교 청소년 정보보호 페스티벌,"  순천향대학교 / 순천향대학교, 사이버보안연구센터","
																									중학생									,																	고등학생","
																	18.08.10															"
삼성전자 DS부문 육목 SW 알고리즘 대회,  SAMSUNG,"
																									대학생									,																	대학원생","
																	18.08.20~18.08.24															"
Creative space G AI&IoT Haackathon,  광주과학기술원 / 창업진흥센터,"
																									일반인									,																	기타","
																	18.08.03~18.08.04															"
UNIST 제7회 빅데이터 분석 경진대회,"  UNIST 융합경영대학원, 울산항만공사","
																									대학생","
																	18.08.01~18.08.03															"
제2회 통일준비를 위한 코딩대회,"  민족통일중앙협의회 / 민족통일서울특별시협의회, 민족통일인천광역시협의회, 민족통일대전광역시협의회","
																									초등학생									,																	중학생									,																	고등학생","
																	18.07.28~18.08.12															"
Social Design Hackathon,  아트센터나비 GOPAX,"
																									대학생									,																	대학원생									,																	일반인","
																	18.08.17~18.08.19															"
2018 빅 콘테스트,"  NIA한국정보화진흥원, 빅데이터포럼 / 한국정보통신진흥협회, SK Telecom, 신한은행, NCSOFT, 신한카드","
																									고등학생									,																	대학생									,																	대학원생									,																	일반인","
																	18.07.17~18.11.30															"
제3회 국민대학교 알고리즘 대회,  국민대학교 소프트웨어융합대학 SW중심대학사업단,"
																									고등학생","
																	18.08.10															"
경희대학교 전국 고등학생 알고리즘 경진대회,  경희대학교 SW중심대학 사업단,"
																									고등학생","
																	18.07.27~18.08.03															"
제12회 공개소프트웨어 개발자대회,  과학기술정보통신부 / NIPA정보통신산업진흥원,"
																									제한없음","
																	18.10.01~18.11.09															"
제 6회 인천광역시 정보과학 창의성 대회,"  사)한국학원총연합회 인천광역시지회 / 인천광역시 컴퓨터교육협의회, 청운대학교(인천캠퍼스)","
																									초등학생									,																	중학생									,																	고등학생","
																	18.07.14															"
남양주 해커톤 대회,  남양주시,"
																									제한없음","
																	18.08.11~18.08.12															"
대한민국 세계여성발명대회,"  특허청 / 한국여성발명협회, 한국발명진흥회","
																									고등학생									,																	대학생									,																	일반인","
																	18.06.28~18.07.01															"
제1회 DGB 금융그룹  플랫폼및 핀테크 경진대회,  DGB금융그룹,"
																									제한없음","
																	18.08.24~18.09.04															"
제 1회 코딩앤플레이 코딩골든벨,  (주)코딩앤플레이,"
																									초등학생","
																	18.07.21															"
2018 제3회 공공 빅데이터 분석 공모전,  행정안전부 / NIA한국정보화진흥원,"
																									제한없음","
																	18.06.22~18.08.17															"
2018 서울시 빅데이터캠퍼스 공모전,  서울특별시 / 서울특별시빅데이터캠퍼스,"
																									제한없음","
																	18.09.03~18.11.09															"
제40회 전국학생과학발명품 경진대회,  과학기술정보통신부 ․ 동아일보사 / 국립중앙과학관,"
																									초등학생									,																	중학생									,																	고등학생","
																	18.06.25~18.08.13															"
2018 ICT 스마트 디바이스톤,"  과학기술정보통신부 / 정보통신기술진흥센터, 정보통신산업진흥원, 경기도경제과학진흥원, 재단법인 대구테크노파크, 충청북도지식산업진흥원, 전주정보문화산업진흥원, 용인시디지털산업진흥원","
																									일반인","
																	18.07.14~18.08.26															"
부산 ICT융합 해커톤 대회,"  부산광역시, 과학기술정보통신부 / 부산정보산업진흥원, 정보통신산업진흥원","
																									고등학생									,																	일반인","
																	18.07.30~18.08.01															"
제2회 미래에셋대우 빅데이터 페스티벌,  미래에셋대우,"
																									대학생									,																	대학원생","
																	18.06.08~18.09.12															"
제9회 대한민국 융합기술축전,"  한국기술교육단체총연합회, 겐트대학교글로벌캠퍼스, 전국기술교사모임","
																									중학생									,																	고등학생","
																	18.07.21~18.07.22															"
IoT 이노베이션 챌린지,"  KEA, 스타트업캠퍼스","
																									대학생									,																	대학원생									,																	일반인","
																	18.07.06~18.10.27															"
2018년 금융정보보호 및 금융 빅데이터 공모전,"  금융보안원, 금융정보보호협회, 금융보안포럼","
																									제한없음","
																	18.07.01~18.07.31															"
K-HACKATHON,  과학기술정보통신부 / (사)소프트웨어교육혁신센터,"
																									대학생","
																	18.06.25~18.07.10															"
제2회 3D프린팅 창작 경진대회,  과학기술정보통신부,"
																									제한없음","
																	18.06.01~18.07.31															"
제 14회 전국 중학생 IT 올림피아드,  한국디지털미디어고등학교,"
																									중학생","
																	18.07.20															"
POSCO Industrial AI Solution Challenge,  POSCO / 지능정보산업협회,"
																									대학생									,																	대학원생									,																	일반인","
																	18.06.20~18.09.03															"
Hdac HACKATHON,  Hdac Technology AG,"
																									제한없음","
																	18.06.14~18.07.05															"
2018 삼성전자 대학생 프로그래밍 경진대회,  SAMSUNG,"
																									대학생									,																	대학원생","
																	18.06.23~18.07.31															"
